Employee Number,Monthly Income,Hourly Rate,Daily Rate,Monthly Rate,Percent Salary Hike,Stock Option Level,Num Companies Worked,Standard Hours,Employee Count
1,5993,94,1102,19479,11,0,8,80,1
2,5130,61,279,24907,23,1,1,80,1
4,2090,92,1373,2396,15,0,6,80,1
5,2909,56,1392,23159,11,0,1,80,1
7,3468,40,591,16632,12,1,9,80,1
8,3068,79,1005,11864,13,0,0,80,1
10,2670,81,1324,9964,20,3,4,80,1
11,2693,67,1358,13335,22,1,1,80,1
12,9526,44,216,8787,21,0,0,80,1
13,5237,94,1299,16577,13,2,6,80,1
14,2426,84,809,16479,13,1,0,80,1
15,4193,49,153,12682,12,0,0,80,1
16,2911,31,670,15170,17,1,1,80,1
18,2661,93,1346,8758,11,1,0,80,1
19,2028,50,103,12947,14,0,5,80,1
20,9980,51,1389,10195,11,1,1,80,1
21,3298,80,334,15053,12,2,0,80,1
22,2935,96,1123,7324,13,2,1,80,1
23,15427,78,1219,22021,16,0,2,80,1
24,3944,45,371,4306,11,0,5,80,1
26,4011,96,673,8232,18,1,0,80,1
27,3407,82,1218,6986,23,0,7,80,1
28,11994,53,419,21293,11,0,0,80,1
30,1232,96,391,19281,14,0,1,80,1
31,2960,83,699,17102,11,0,2,80,1
32,19094,58,1282,10735,11,1,4,80,1
33,3919,72,1125,4681,22,0,1,80,1
35,6825,48,691,21173,11,1,0,80,1
36,10248,42,477,2094,14,1,3,80,1
38,18947,83,705,22822,12,0,3,80,1
39,2496,78,924,6670,11,0,4,80,1
40,6465,41,1459,19121,13,0,2,80,1
41,2206,83,125,16117,13,0,1,80,1
42,2086,56,895,3335,14,1,3,80,1
45,2293,61,813,3020,16,1,2,80,1
46,2645,72,1273,21923,12,2,1,80,1
47,2683,86,869,3810,14,0,1,80,1
49,2014,97,890,9687,13,0,1,80,1
51,3419,82,852,13072,14,1,9,80,1
52,5376,42,1141,3193,19,2,2,80,1
53,1951,75,464,10910,12,1,1,80,1
54,2341,33,1240,19715,13,1,1,80,1
55,2293,48,1357,10558,12,0,1,80,1
56,8726,37,994,2975,15,0,1,80,1
57,4011,58,721,10781,23,0,1,80,1
58,19545,49,1360,16280,12,0,1,80,1
60,4568,72,1065,10034,20,0,0,80,1
61,3022,73,408,10227,21,0,4,80,1
62,5772,98,1211,20445,21,0,4,80,1
63,2269,36,1229,4892,19,0,1,80,1
64,5381,98,626,19294,13,0,9,80,1
65,3441,50,1434,11179,13,0,1,80,1
68,5454,75,1488,4009,21,1,5,80,1
70,9884,79,1097,8302,13,1,2,80,1
72,4157,47,1443,21436,19,1,7,80,1
73,13458,98,515,15146,12,0,1,80,1
74,9069,71,853,11031,22,1,1,80,1
75,4014,30,1142,16002,15,1,3,80,1
76,5915,48,655,9528,22,1,3,80,1
77,5993,51,1115,2689,18,1,1,80,1
78,6162,33,427,10877,22,1,1,80,1
79,2406,50,653,5456,11,0,1,80,1
80,18740,43,989,16701,12,1,5,80,1
81,7637,99,1435,2354,11,0,7,80,1
83,10096,59,1223,8202,13,3,1,80,1
84,14756,33,836,19730,14,3,2,80,1
85,6499,95,1195,22656,13,0,1,80,1
86,9724,59,1339,18787,17,1,2,80,1
88,2194,79,664,5868,13,1,4,80,1
90,3388,79,318,21777,17,1,0,80,1
91,5473,57,1225,24668,11,0,7,80,1
94,2703,76,1328,4956,23,1,0,80,1
95,2501,87,1082,18775,17,0,1,80,1
96,6220,66,548,7346,17,2,1,80,1
97,3038,55,132,22002,12,0,3,80,1
98,4424,61,746,20682,23,0,1,80,1
100,4312,32,776,23016,14,0,0,80,1
101,13245,52,193,15067,14,0,4,80,1
102,13664,30,397,25258,13,0,4,80,1
103,5021,80,945,10425,22,1,8,80,1
104,5126,55,852,15998,12,2,1,80,1
105,2859,30,1214,26278,18,0,1,80,1
106,10239,70,111,18092,14,1,3,80,1
107,5329,79,573,15717,12,3,7,80,1
110,4325,94,1153,17736,15,0,1,80,1
112,7260,49,1400,21698,11,0,4,80,1
113,2322,62,541,9518,13,1,3,80,1
116,2075,96,432,18725,23,2,3,80,1
117,4152,99,288,15830,19,3,1,80,1
118,9619,64,669,13596,16,0,1,80,1
119,13503,78,530,14115,22,1,1,80,1
120,5441,71,632,8423,22,0,0,80,1
121,5209,63,1334,19760,12,3,1,80,1
124,10673,40,638,3142,13,1,2,80,1
125,5010,87,1093,24301,16,0,1,80,1
126,13549,60,1217,24001,12,1,9,80,1
128,4999,33,1353,17519,21,1,0,80,1
129,4221,43,120,8863,15,0,1,80,1
131,13872,37,682,24409,13,0,0,80,1
132,2042,67,489,25043,12,1,4,80,1
133,2073,63,807,23648,22,0,4,80,1
134,2956,71,827,15178,13,0,1,80,1
137,2926,66,871,19783,18,0,1,80,1
138,4809,41,665,12482,14,0,1,80,1
139,5163,100,1040,15850,14,1,5,80,1
140,18844,32,1420,21922,21,1,9,80,1
141,18172,73,1115,9755,19,0,3,80,1
142,5744,46,240,26959,11,0,1,80,1
143,2889,64,1280,26897,11,2,1,80,1
144,2871,59,534,23785,15,0,1,80,1
145,7484,30,1456,25796,20,0,3,80,1
147,6074,66,658,22887,24,0,1,80,1
148,17328,30,142,13871,12,0,2,80,1
150,2774,52,1127,13257,12,1,0,80,1
151,4505,45,1031,15000,15,1,6,80,1
152,7428,87,1189,14506,12,0,2,80,1
153,11631,45,1354,5615,12,0,2,80,1
154,9738,92,1467,22952,14,1,0,80,1
155,2835,39,922,2561,22,1,5,80,1
158,16959,92,394,19494,12,2,1,80,1
159,2613,96,1312,22310,25,3,1,80,1
160,6146,95,750,15480,13,1,0,80,1
161,4963,72,441,4510,18,3,9,80,1
162,19537,51,684,6462,13,0,7,80,1
163,6172,76,249,20739,18,0,4,80,1
164,2368,46,841,23300,19,0,1,80,1
165,10312,94,147,3465,12,1,1,80,1
167,1675,50,528,26820,19,0,1,80,1
169,2523,100,594,19299,14,1,0,80,1
170,6567,96,470,5549,14,0,1,80,1
171,4739,72,957,16090,12,0,4,80,1
174,9208,77,809,6645,11,0,4,80,1
175,4559,71,542,24788,11,1,3,80,1
176,8189,96,802,21196,13,1,3,80,1
177,2942,61,1355,8916,23,1,1,80,1
178,4941,84,216,2819,20,2,6,80,1
179,10650,53,1150,25150,15,0,2,80,1
182,5902,47,1329,14590,14,1,4,80,1
183,8639,41,959,24835,18,0,2,80,1
184,6347,48,1240,13982,19,0,0,80,1
190,4200,41,1033,10224,22,0,7,80,1
192,3452,83,1316,9752,13,0,5,80,1
193,4317,32,364,2302,20,0,3,80,1
194,2632,75,438,23910,14,0,1,80,1
195,4668,35,689,22812,17,3,0,80,1
197,3204,84,201,10415,14,1,5,80,1
198,2720,35,1427,11162,13,0,0,80,1
199,17181,91,857,12888,13,1,4,80,1
200,2238,94,933,6961,21,1,2,80,1
201,1483,79,1181,16102,14,0,1,80,1
202,5605,54,1395,8504,11,1,1,80,1
204,7295,94,662,11439,13,2,1,80,1
205,2306,34,1436,16047,20,1,2,80,1
206,2348,60,194,10901,18,1,8,80,1
207,8998,43,967,15589,14,0,1,80,1
208,4319,41,1496,26283,13,1,1,80,1
211,6132,34,1169,13983,17,0,2,80,1
214,3346,75,1145,11873,20,1,4,80,1
215,10855,67,630,8552,11,1,7,80,1
216,2231,75,303,11314,18,1,6,80,1
217,2323,80,1256,11992,24,2,1,80,1
218,2024,57,691,5970,18,1,6,80,1
221,2713,42,440,6672,11,1,1,80,1
223,9439,83,334,23402,16,1,3,80,1
224,2566,79,1450,25326,15,1,1,80,1
226,19926,53,1452,17053,15,0,3,80,1
227,2451,56,465,4609,12,1,4,80,1
228,9419,41,1339,8053,12,1,2,80,1
230,8686,59,702,12930,22,0,4,80,1
231,3038,43,120,12430,20,0,3,80,1
233,3058,51,1157,13364,16,1,0,80,1
235,2325,100,602,20989,21,0,0,80,1
238,2088,30,1480,15062,12,0,4,80,1
239,3072,66,111,11012,11,2,1,80,1
240,5006,30,1268,6319,11,1,4,80,1
241,4257,67,713,13939,18,1,4,80,1
242,2500,90,134,10515,14,0,0,80,1
243,1102,47,303,9241,22,0,1,80,1
244,10453,92,526,2137,25,3,1,80,1
245,2288,75,1380,6319,12,0,1,80,1
246,3929,95,140,6984,23,1,8,80,1
247,2311,95,629,5711,15,0,2,80,1
248,3140,70,1356,21728,22,0,1,80,1
249,3690,86,328,3425,15,1,2,80,1
250,4450,57,1084,26250,11,2,1,80,1
252,2756,72,931,4673,13,1,1,80,1
253,19033,46,989,6499,14,1,1,80,1
254,18722,61,692,13339,11,0,8,80,1
256,9547,45,1069,14074,17,0,1,80,1
258,13734,98,313,7192,18,0,3,80,1
259,19999,65,699,5678,14,1,0,80,1
260,2279,99,894,11781,16,0,1,80,1
261,5916,50,556,15497,13,0,3,80,1
262,2089,37,1344,5228,14,3,4,80,1
264,16792,65,1195,20462,23,1,9,80,1
267,3564,65,290,22977,12,1,1,80,1
269,4425,37,138,15986,11,0,5,80,1
270,5265,36,926,16439,16,1,2,80,1
271,6553,88,1261,7259,14,0,9,80,1
273,6261,54,1084,4185,18,1,3,80,1
274,4298,60,472,9679,19,1,5,80,1
275,6804,92,1002,23793,15,2,1,80,1
277,3815,43,878,5972,17,1,1,80,1
281,2741,99,905,16523,15,1,8,80,1
282,6673,70,1180,11354,19,0,7,80,1
283,7639,35,121,24525,22,3,1,80,1
284,2328,60,1136,12392,16,1,1,80,1
286,2153,73,635,7703,13,0,1,80,1
287,4876,63,1151,14242,14,1,9,80,1
288,9396,97,644,12368,16,1,7,80,1
291,10400,32,1045,25812,11,0,1,80,1
292,8474,88,829,20925,22,0,1,80,1
293,9981,90,1242,12916,14,0,1,80,1
296,12490,81,1469,15736,16,2,5,80,1
297,2657,88,1005,8556,11,0,5,80,1
298,13591,75,896,14674,18,0,3,80,1
299,6696,52,334,22967,15,0,5,80,1
300,2058,85,992,19757,14,0,0,80,1
302,8865,57,1052,16840,12,0,6,80,1
303,5940,52,1147,17011,14,1,2,80,1
304,5914,62,1396,9945,16,0,8,80,1
305,2622,47,147,13248,21,0,6,80,1
306,12185,47,663,10056,14,3,1,80,1
307,10609,76,119,9647,12,2,0,80,1
308,4345,90,979,4381,12,1,0,80,1
309,2177,70,142,8456,17,1,3,80,1
311,2793,41,319,2539,17,1,4,80,1
312,7918,42,1413,6599,14,1,1,80,1
314,8789,92,944,9096,14,0,1,80,1
315,2389,86,896,14961,13,0,1,80,1
316,3212,89,1323,3300,15,0,7,80,1
319,19232,58,532,4933,11,0,1,80,1
321,2267,52,818,25657,17,0,8,80,1
323,19517,68,854,24118,11,1,3,80,1
325,2436,58,813,22149,13,1,5,80,1
327,16064,80,1034,7744,22,1,5,80,1
328,2707,39,465,21509,20,0,7,80,1
329,19068,79,771,21030,18,0,1,80,1
330,3931,56,1401,20990,11,1,2,80,1
331,3730,62,515,9571,14,0,0,80,1
332,2232,96,1431,15417,14,3,7,80,1
333,4465,100,976,12069,18,0,0,80,1
334,3072,36,1411,19877,16,2,2,80,1
335,3319,62,1300,24447,17,2,1,80,1
336,19202,70,252,15970,11,1,0,80,1
337,13675,73,1327,13523,12,1,9,80,1
338,2911,63,832,14776,13,1,1,80,1
339,5957,84,470,23687,13,1,6,80,1
340,3920,83,1017,18697,14,1,2,80,1
341,6434,77,1199,5118,17,1,4,80,1
342,10048,61,504,22573,11,2,6,80,1
343,10938,64,505,6420,25,0,0,80,1
346,2340,60,665,22673,19,0,1,80,1
347,6545,82,916,23016,13,0,3,80,1
349,6931,45,1247,10732,14,1,2,80,1
350,4898,62,685,7505,12,2,0,80,1
351,2593,56,269,8007,11,1,0,80,1
352,19436,49,1416,5949,19,1,0,80,1
353,2723,96,833,23231,11,0,1,80,1
355,3479,71,307,11652,11,0,0,80,1
359,2794,100,1311,26062,20,0,1,80,1
361,5249,39,1327,19682,18,1,3,80,1
362,2176,84,128,19737,13,0,4,80,1
363,16872,75,488,14977,12,1,3,80,1
364,3485,79,529,14935,11,0,2,80,1
366,6644,78,1210,3687,19,2,2,80,1
367,5582,64,1463,14408,21,1,0,80,1
369,4000,85,675,18384,12,2,1,80,1
372,13496,79,1385,7501,14,0,0,80,1
373,3210,47,1403,20251,11,1,0,80,1
374,19045,81,452,18938,14,0,0,80,1
376,11849,88,666,10268,12,1,1,80,1
377,2070,94,1158,2613,23,1,1,80,1
378,6502,98,228,22825,14,1,4,80,1
379,3230,100,996,10531,17,0,1,80,1
380,13603,80,728,11677,18,2,2,80,1
381,11996,71,1315,19100,18,1,7,80,1
382,5605,44,322,19191,24,1,1,80,1
384,6397,84,1479,26767,20,1,1,80,1
385,19144,96,797,15815,14,2,3,80,1
386,17584,45,1070,21016,16,3,3,80,1
387,4907,99,635,24532,25,0,1,80,1
388,4554,44,442,20260,18,0,1,80,1
389,5415,37,147,15972,19,1,3,80,1
390,4741,60,496,22722,13,1,1,80,1
391,2115,42,1372,15881,12,0,1,80,1
392,3161,43,920,19920,22,1,3,80,1
393,5745,82,688,18899,14,1,9,80,1
394,2373,45,1449,14180,13,1,2,80,1
395,3310,66,1117,4488,21,0,1,80,1
396,18665,35,636,25594,11,0,9,80,1
397,4485,30,506,26285,12,0,4,80,1
399,2789,84,444,3909,11,1,1,80,1
401,5828,48,950,8450,12,0,1,80,1
403,2326,53,889,11411,12,3,1,80,1
404,13525,77,555,14864,14,1,5,80,1
405,1420,54,230,25233,13,0,1,80,1
406,8020,96,1232,5100,15,2,0,80,1
407,3688,81,566,7122,18,2,4,80,1
408,5482,84,1302,16321,18,1,5,80,1
410,16015,88,334,15896,19,0,1,80,1
411,1200,69,812,9724,12,0,1,80,1
412,5661,68,1476,4824,19,0,0,80,1
416,6929,100,218,12241,11,1,4,80,1
417,9613,48,1132,10942,17,3,0,80,1
419,5674,47,1105,6927,15,1,7,80,1
420,5484,91,906,16985,14,1,1,80,1
421,12061,81,849,26707,17,1,3,80,1
422,5660,32,390,17056,13,1,2,80,1
423,4821,86,691,10077,12,1,0,80,1
424,6410,62,106,17822,12,0,3,80,1
425,5210,97,1249,20308,18,1,1,80,1
426,2695,32,192,7747,18,1,0,80,1
428,11878,74,553,23364,11,2,6,80,1
429,17068,99,117,5355,14,0,1,80,1
430,2455,33,185,10675,19,0,0,80,1
431,13964,90,1091,17810,12,0,7,80,1
433,4941,85,723,17747,15,0,2,80,1
434,2478,85,1220,20938,12,0,1,80,1
436,5228,65,588,24624,11,0,1,80,1
437,4478,74,1377,5242,11,0,1,80,1
438,7547,73,691,7143,12,3,4,80,1
439,5055,74,1018,10557,16,0,7,80,1
440,3464,84,1157,24737,13,0,5,80,1
441,5775,64,1275,11934,13,2,1,80,1
442,8943,48,798,14034,24,1,1,80,1
444,19272,54,672,21141,15,1,1,80,1
445,5238,41,1162,17778,18,0,4,80,1
446,4682,46,508,4317,14,0,3,80,1
447,18300,42,1482,16375,11,1,4,80,1
448,5257,82,559,6227,11,1,1,80,1
449,6349,73,210,22107,13,1,0,80,1
450,4869,31,928,16885,12,0,3,80,1
451,9985,43,1001,9262,16,1,8,80,1
452,3697,75,549,9278,14,2,9,80,1
453,7457,57,1124,13273,22,3,2,80,1
454,2119,77,318,4759,11,0,1,80,1
455,3983,30,738,7621,17,0,0,80,1
456,6118,30,570,5431,13,3,1,80,1
458,6214,56,1130,3415,18,1,1,80,1
460,6347,61,1192,23177,16,2,7,80,1
461,11510,92,343,15682,14,1,0,80,1
462,7143,39,1232,25713,14,0,1,80,1
463,8268,39,144,11866,14,2,1,80,1
464,8095,62,1296,18264,13,0,0,80,1
465,2904,83,1309,16092,12,2,1,80,1
466,6032,95,483,10110,15,0,6,80,1
467,2976,99,1309,25751,19,0,3,80,1
468,15992,44,810,15901,14,0,2,80,1
469,4649,61,746,16928,14,1,1,80,1
470,2696,52,544,24017,11,1,0,80,1
471,2370,75,1062,3956,13,1,1,80,1
473,12504,91,530,23978,21,1,3,80,1
474,5974,51,1319,17001,13,2,4,80,1
475,4736,85,641,6069,12,1,7,80,1
476,5296,57,933,20156,17,1,1,80,1
477,6781,98,1332,17078,23,0,3,80,1
478,2174,99,756,9150,11,0,1,80,1
479,6653,45,845,15276,15,0,4,80,1
481,9699,48,541,7246,11,1,4,80,1
482,6755,88,593,2967,11,0,2,80,1
483,2213,46,1171,22495,13,1,3,80,1
484,2610,39,895,2851,24,0,1,80,1
485,2851,34,350,9150,13,0,1,80,1
486,3452,98,921,17663,20,1,6,80,1
487,5258,30,1144,16044,14,0,2,80,1
488,9355,56,143,9558,18,0,1,80,1
491,10496,100,1046,2755,15,0,6,80,1
492,6380,68,575,6110,12,2,2,80,1
493,2657,42,408,7551,16,0,0,80,1
494,2716,90,156,25422,15,0,1,80,1
495,2201,54,1283,18168,16,0,9,80,1
496,6540,97,755,19394,19,0,9,80,1
497,3816,82,1469,17881,11,1,1,80,1
498,5253,92,304,20750,16,0,1,80,1
499,10965,31,1261,12066,24,0,8,80,1
500,4936,87,1178,14862,11,1,4,80,1
501,2543,96,329,11868,13,1,4,80,1
502,5304,67,1362,4652,13,0,8,80,1
505,16659,97,1311,23258,13,0,2,80,1
507,4260,77,1371,5915,12,1,1,80,1
508,2476,72,202,17434,18,1,1,80,1
510,3102,73,575,6582,22,0,0,80,1
511,2244,43,253,24440,13,1,1,80,1
513,7596,61,164,3809,13,2,1,80,1
514,2285,40,464,3427,23,0,9,80,1
515,3034,95,1107,26914,12,1,1,80,1
516,5715,46,759,22553,12,2,7,80,1
517,2576,95,201,20490,16,1,3,80,1
518,4197,49,1305,21123,12,0,2,80,1
520,14336,59,982,4345,11,1,1,80,1
521,3448,78,555,13436,22,1,6,80,1
522,19406,86,821,8509,11,1,4,80,1
523,6538,72,1381,12740,15,1,9,80,1
524,4306,31,480,4156,12,1,1,80,1
525,2258,61,313,15238,20,1,7,80,1
526,4522,74,1473,2227,14,0,4,80,1
527,4487,99,891,12090,11,0,1,80,1
529,4449,72,1063,23866,15,2,3,80,1
530,2218,98,329,16193,12,1,1,80,1
531,19197,52,1218,8213,14,1,1,80,1
532,13212,86,906,18256,11,3,9,80,1
533,6577,83,1082,19558,11,0,0,80,1
534,8392,49,645,19566,16,1,1,80,1
536,4558,79,1300,13535,12,1,1,80,1
538,4031,91,688,9396,13,1,5,80,1
543,7969,39,319,19609,14,0,2,80,1
544,2654,69,192,9655,21,2,3,80,1
546,16555,30,1490,10310,13,0,2,80,1
547,4556,92,532,12932,11,1,2,80,1
548,6091,43,317,24793,20,0,2,80,1
549,19566,41,422,3854,11,0,5,80,1
550,4810,87,1485,26314,14,1,2,80,1
551,4523,88,1368,4386,11,3,0,80,1
554,3202,62,1448,21972,16,0,1,80,1
555,2351,33,296,12253,16,1,0,80,1
556,1702,42,1490,12106,23,1,1,80,1
558,18041,79,1398,13022,14,0,0,80,1
560,2886,90,1349,3032,22,2,1,80,1
562,2097,53,1400,16734,15,1,4,80,1
564,11935,93,986,21526,18,0,1,80,1
565,2546,71,408,18300,16,0,5,80,1
566,2564,52,489,18437,12,0,1,80,1
567,8412,69,1398,2890,11,0,0,80,1
568,14118,56,210,22102,12,1,3,80,1
569,17046,88,1099,9314,15,1,0,80,1
571,2564,49,1116,7181,14,0,0,80,1
573,10266,80,1499,2845,19,0,4,80,1
574,5070,65,983,7389,13,3,5,80,1
575,17861,51,1009,2288,13,0,6,80,1
577,4230,46,144,19225,15,0,0,80,1
578,3780,42,548,23428,11,0,7,80,1
579,2768,62,1303,8416,12,1,3,80,1
580,9071,94,1125,11563,19,1,2,80,1
581,10648,33,1274,14394,25,1,1,80,1
582,13610,56,1277,24619,12,0,7,80,1
584,3408,38,587,6705,13,3,7,80,1
585,2983,57,413,18398,14,0,0,80,1
586,7632,72,1276,14295,12,0,4,80,1
587,9824,66,534,22908,12,0,3,80,1
590,9950,43,988,11533,15,3,9,80,1
591,2093,97,1474,9260,17,1,4,80,1
592,9980,32,635,15318,14,0,1,80,1
593,3894,99,1368,9129,16,0,5,80,1
595,4051,37,163,19658,14,1,2,80,1
597,16835,83,1117,9873,23,0,3,80,1
599,6230,56,267,13430,14,0,7,80,1
600,4717,85,619,18659,11,0,9,80,1
601,13237,75,302,20364,15,0,7,80,1
602,3755,48,443,17872,11,1,1,80,1
604,6582,77,828,8346,13,0,4,80,1
605,7406,56,319,6950,21,1,1,80,1
606,4805,61,561,16177,19,1,0,80,1
608,2741,58,426,22808,11,1,0,80,1
611,4262,34,232,22645,12,2,4,80,1
612,16184,95,922,22578,19,1,4,80,1
613,11557,44,688,25291,21,1,9,80,1
614,1878,69,1306,8059,14,0,1,80,1
615,10932,58,1094,11373,15,1,3,80,1
616,6811,62,509,2112,17,0,2,80,1
618,4306,45,775,4267,12,2,5,80,1
620,4859,80,195,6698,16,0,1,80,1
621,5337,74,258,19921,12,0,1,80,1
622,2340,66,471,23213,18,0,1,80,1
623,7491,59,799,23848,17,0,4,80,1
624,10527,86,1034,8984,11,0,5,80,1
625,16595,91,1276,5626,16,1,7,80,1
626,8834,69,142,24666,13,1,1,80,1
630,5577,78,956,22087,12,2,3,80,1
631,4707,60,1474,23914,12,0,8,80,1
632,2400,38,535,5530,13,2,0,80,1
634,9824,76,1495,22174,19,1,3,80,1
635,6447,65,446,15701,12,1,6,80,1
638,19502,58,1245,2125,17,1,1,80,1
639,2725,89,691,21630,11,2,1,80,1
641,6272,66,703,7428,20,2,1,80,1
643,2127,94,823,9100,21,1,1,80,1
644,18200,99,1246,7999,11,1,1,80,1
645,2096,40,622,26376,11,0,1,80,1
647,2886,55,1287,14168,16,1,1,80,1
648,2033,74,448,14470,18,1,1,80,1
649,3622,83,254,22794,13,1,1,80,1
650,4233,46,1365,11512,17,0,2,80,1
652,3681,54,538,14004,14,0,4,80,1
653,5460,66,525,6219,22,2,4,80,1
655,2187,66,798,5013,12,2,0,80,1
656,9602,75,558,3010,11,1,4,80,1
657,2836,83,959,11757,13,0,1,80,1
659,4089,81,622,5718,13,2,1,80,1
661,16627,50,782,2671,14,1,4,80,1
662,2619,43,362,14561,17,0,3,80,1
663,5679,72,1001,19627,13,1,3,80,1
664,15402,40,1236,17997,11,1,7,80,1
665,5985,50,1112,26894,11,0,4,80,1
666,2579,31,204,2912,18,2,1,80,1
667,3041,85,1420,16346,11,1,0,80,1
669,3447,49,1343,24444,11,0,1,80,1
671,19513,35,1315,9358,12,1,4,80,1
675,2773,69,604,12145,20,0,0,80,1
677,7104,39,1216,20431,12,0,0,80,1
679,6322,92,646,18089,12,1,1,80,1
680,2083,71,160,22653,20,1,1,80,1
682,8381,34,238,7507,20,0,7,80,1
683,2691,42,1397,7660,12,1,1,80,1
684,4286,100,306,5630,14,2,2,80,1
686,2659,71,991,17759,13,1,1,80,1
689,9434,36,482,9606,15,1,1,80,1
690,5561,62,1176,3487,14,1,1,80,1
691,6646,82,1017,19368,13,0,1,80,1
692,7725,30,1296,5335,23,1,3,80,1
698,10725,88,397,6729,15,1,2,80,1
699,8847,48,913,13934,11,1,2,80,1
700,2045,54,1115,15174,13,0,0,80,1
701,1009,32,1362,26999,11,0,1,80,1
702,3348,70,1076,3164,11,0,1,80,1
704,1281,41,727,16900,18,2,1,80,1
705,2819,58,885,8544,16,1,2,80,1
707,4851,57,810,15678,22,1,0,80,1
709,4028,46,243,7791,20,0,0,80,1
710,2720,76,806,18959,18,1,1,80,1
712,8120,56,817,18597,12,0,3,80,1
714,4647,71,1410,16673,20,2,1,80,1
715,4680,80,1225,15232,17,0,3,80,1
716,3221,74,1207,3297,11,3,1,80,1
717,8621,46,1442,17654,14,0,1,80,1
720,4577,65,693,24785,14,0,9,80,1
721,4553,80,408,20978,11,0,1,80,1
722,5396,55,929,21703,12,0,1,80,1
723,6796,50,562,23452,14,1,3,80,1
724,7625,33,827,19383,13,0,0,80,1
725,7412,68,608,6009,11,0,1,80,1
727,11159,39,1018,19373,15,0,3,80,1
728,4960,42,703,11825,12,0,2,80,1
729,10475,48,580,23772,21,1,5,80,1
730,14814,59,970,13514,19,0,3,80,1
731,19141,73,427,8861,15,3,3,80,1
732,5405,84,1179,11924,14,0,8,80,1
733,8793,32,294,4809,21,2,1,80,1
734,19189,59,314,19562,12,1,1,80,1
738,3875,54,316,9983,15,1,7,80,1
741,2216,67,654,3872,13,0,7,80,1
742,11713,63,427,20335,14,1,9,80,1
743,7861,81,168,15397,14,0,4,80,1
744,3708,49,381,2104,14,0,2,80,1
746,13770,49,217,10225,12,2,9,80,1
747,5304,99,501,25275,23,1,7,80,1
749,2642,99,1396,2755,11,0,1,80,1
752,2759,57,933,20366,12,0,6,80,1
754,6804,47,775,23683,18,1,3,80,1
757,6142,96,970,7360,11,0,3,80,1
758,2500,37,650,4344,14,1,1,80,1
760,6389,44,141,18767,15,1,9,80,1
762,11103,81,832,20420,11,0,7,80,1
763,2342,86,804,22929,20,0,0,80,1
764,6811,55,975,23398,19,0,8,80,1
766,2297,83,1090,17967,14,2,1,80,1
769,2450,86,346,10919,17,0,2,80,1
771,5093,61,1225,4761,11,1,2,80,1
772,5309,80,430,21146,15,2,1,80,1
773,3057,92,268,20471,13,1,6,80,1
775,5121,32,167,4187,14,1,3,80,1
776,16856,31,621,10084,11,0,1,80,1
780,2686,63,527,5207,13,0,1,80,1
781,6180,32,883,22807,23,0,1,80,1
783,6632,46,954,12388,13,0,0,80,1
784,3505,79,310,19630,18,0,1,80,1
785,6397,77,719,10339,12,0,4,80,1
786,6274,60,304,18686,22,0,1,80,1
787,19859,78,725,21199,13,1,5,80,1
789,7587,76,1434,14229,15,0,1,80,1
791,4258,41,715,26589,18,1,0,80,1
792,4364,71,575,5288,14,1,3,80,1
793,4335,66,657,25549,12,1,4,80,1
796,5326,38,1146,3064,17,0,6,80,1
797,3280,72,182,13551,16,0,2,80,1
799,5485,95,376,22670,11,2,9,80,1
800,4342,84,829,24008,19,1,0,80,1
802,2782,82,571,19905,13,2,0,80,1
803,5980,75,240,26085,12,0,6,80,1
804,4381,86,121,7530,11,0,1,80,1
805,2572,72,384,20317,16,1,1,80,1
806,3833,38,921,24375,21,2,3,80,1
807,4244,38,791,9931,24,1,1,80,1
808,6500,93,1111,13305,17,1,5,80,1
809,18430,66,570,16225,13,1,1,80,1
811,1601,63,1243,3445,21,2,1,80,1
812,2694,60,1092,26551,11,3,1,80,1
813,3149,82,1325,21821,20,1,8,80,1
815,17639,64,691,6881,16,0,5,80,1
816,2319,36,805,6689,11,1,1,80,1
817,11691,49,213,25995,11,0,0,80,1
819,5324,69,118,26507,15,0,5,80,1
820,16752,33,202,12982,11,1,1,80,1
823,5228,35,676,23361,15,1,0,80,1
824,2700,81,1252,23779,24,1,1,80,1
825,19246,31,286,25761,12,0,7,80,1
826,2506,40,1258,13301,13,0,3,80,1
827,6062,43,932,4051,13,1,9,80,1
828,4382,46,890,16374,17,0,6,80,1
829,2143,36,1041,25527,13,1,4,80,1
830,6162,98,859,19124,12,1,1,80,1
832,5094,51,720,11983,14,0,6,80,1
833,6877,52,946,20234,24,0,5,80,1
834,2274,95,252,6153,14,0,1,80,1
836,4434,98,933,11806,13,1,1,80,1
837,6288,45,471,4284,15,1,2,80,1
838,2553,100,702,8306,16,0,1,80,1
840,7654,43,1184,5860,18,2,1,80,1
842,5160,37,436,21519,16,0,4,80,1
843,17159,94,589,5200,24,1,6,80,1
844,12808,42,269,8842,16,1,1,80,1
845,10221,59,950,18869,21,0,3,80,1
846,4779,81,760,3698,20,0,1,80,1
847,3737,88,829,2243,19,1,0,80,1
848,2366,88,887,20898,14,1,1,80,1
850,1706,50,443,16571,11,3,1,80,1
851,16307,66,1318,5594,14,1,2,80,1
852,5933,50,625,5197,12,0,9,80,1
854,3424,65,180,21632,13,0,7,80,1
855,4037,48,586,21816,22,1,1,80,1
856,2559,53,1343,17852,11,0,1,80,1
857,6201,56,928,2823,14,1,1,80,1
859,4403,73,117,9250,11,1,2,80,1
861,3761,75,1012,2373,12,1,9,80,1
862,10934,78,661,20715,18,1,7,80,1
864,10761,74,930,19239,12,1,4,80,1
865,5175,91,638,22162,12,1,5,80,1
867,13826,81,890,19028,22,0,3,80,1
868,6334,66,342,24558,19,2,4,80,1
869,4936,63,1169,23965,13,1,1,80,1
872,4775,33,1230,19146,22,2,6,80,1
874,2818,62,986,5044,24,1,2,80,1
875,2515,35,1271,9068,14,0,5,80,1
878,2342,77,1278,8635,21,0,0,80,1
879,4194,98,141,14363,18,0,1,80,1
880,10685,66,607,23457,20,1,1,80,1
881,2022,96,130,16612,19,1,1,80,1
882,2314,61,300,9148,12,1,0,80,1
885,4256,87,583,18154,12,0,1,80,1
887,3580,36,1418,10554,16,1,2,80,1
888,3162,46,1269,10778,17,0,0,80,1
889,6524,48,379,8891,14,1,1,80,1
893,2899,98,395,12102,19,1,0,80,1
894,5231,95,1265,23726,13,1,2,80,1
895,2356,48,1222,14871,19,1,3,80,1
896,2800,48,341,23522,19,3,6,80,1
897,11836,73,868,22789,14,1,5,80,1
899,10903,78,672,9129,16,0,3,80,1
900,2973,54,1231,21222,15,1,5,80,1
901,14275,72,102,20206,18,0,6,80,1
902,5562,33,422,21782,13,1,4,80,1
903,4537,35,249,17783,22,1,0,80,1
904,7642,32,1252,4814,13,0,1,80,1
905,17924,98,881,4544,11,1,1,80,1
909,5204,42,1383,7790,11,2,8,80,1
910,2277,57,1075,22650,11,1,3,80,1
911,2795,87,374,18016,24,0,1,80,1
912,2532,62,1086,6054,14,3,6,80,1
913,2559,61,661,7508,13,0,1,80,1
916,4908,98,821,24252,14,0,1,80,1
918,2380,57,781,13384,14,1,9,80,1
920,4765,55,177,23814,21,1,4,80,1
922,2044,49,500,22052,13,0,1,80,1
923,2693,65,1427,8870,19,0,1,80,1
924,6586,68,1425,4821,17,1,0,80,1
925,3294,65,1454,13137,18,0,1,80,1
926,4171,34,617,10022,19,1,0,80,1
927,2778,57,1085,17725,13,1,4,80,1
930,2377,77,995,9834,18,1,5,80,1
932,2404,70,1122,4303,21,0,7,80,1
933,2318,76,618,17808,19,0,1,80,1
934,2008,83,546,6896,14,2,1,80,1
936,6244,68,462,7824,17,0,7,80,1
939,2799,100,1198,3339,11,0,3,80,1
940,10552,37,1272,9255,13,1,2,80,1
941,2329,41,154,11737,15,0,3,80,1
942,4014,51,1137,19170,25,1,1,80,1
944,7403,51,527,22477,11,1,4,80,1
945,2259,51,1469,5543,17,2,4,80,1
947,6932,45,1188,24406,13,1,1,80,1
949,4678,65,188,23293,18,0,2,80,1
950,13582,80,1333,16292,13,1,1,80,1
951,2332,70,1184,3974,20,0,6,80,1
952,2413,36,867,18798,18,3,1,80,1
954,9705,67,658,20652,12,1,2,80,1
956,4294,52,1283,11148,12,0,1,80,1
957,4721,59,263,3119,13,0,2,80,1
958,2519,79,938,12287,21,0,4,80,1
959,2121,37,419,9947,13,0,1,80,1
960,2973,84,129,13008,19,0,1,80,1
961,5855,41,616,17369,11,2,0,80,1
964,3617,35,1469,25063,14,1,8,80,1
966,6725,93,498,13554,12,1,1,80,1
967,10325,51,530,5518,11,1,1,80,1
969,6949,42,1069,12291,14,0,0,80,1
970,10609,46,625,14922,11,0,5,80,1
972,4447,57,805,23163,12,0,1,80,1
974,2157,84,1404,18203,15,1,1,80,1
975,4601,86,1219,6179,16,0,1,80,1
976,17099,70,1053,13829,15,1,2,80,1
977,2479,51,289,26227,24,0,4,80,1
981,14852,45,1376,13938,13,1,6,80,1
982,7264,62,231,9977,11,1,5,80,1
983,5666,85,152,19899,13,0,1,80,1
984,7823,92,882,6812,13,1,6,80,1
985,7880,41,903,2560,18,0,0,80,1
986,13194,100,1479,17071,16,0,4,80,1
987,5067,64,1379,6759,19,0,1,80,1
990,5079,84,1229,25952,13,2,4,80,1
991,2321,46,335,10322,22,0,0,80,1
992,17444,38,722,20489,11,0,1,80,1
994,2404,92,906,11479,20,0,6,80,1
995,3452,53,461,17241,18,0,3,80,1
996,2270,91,974,11005,14,2,3,80,1
997,17399,66,1126,6615,22,1,9,80,1
998,5488,84,827,20161,13,1,1,80,1
999,19419,64,840,3735,17,1,2,80,1
1001,2811,37,1134,12086,14,1,9,80,1
1002,3633,42,248,14039,15,1,1,80,1
1003,4163,83,955,8571,17,0,1,80,1
1004,2132,48,138,11539,11,0,4,80,1
1005,13973,95,939,4161,18,1,3,80,1
1006,2684,66,1391,12127,17,1,0,80,1
1007,10845,75,566,24208,13,1,6,80,1
1009,4377,41,1206,24117,15,2,1,80,1
1010,3743,39,622,10074,24,1,1,80,1
1011,4148,96,853,11275,12,1,1,80,1
1012,1051,73,287,13493,15,0,1,80,1
1013,10739,56,1441,13943,11,1,8,80,1
1014,10388,57,583,6975,11,1,1,80,1
1015,11416,73,153,17802,12,3,0,80,1
1016,2600,98,1097,18275,15,0,1,80,1
1017,2422,60,109,25725,17,0,0,80,1
1018,5472,32,1066,3334,12,0,1,80,1
1019,2451,94,217,6881,15,1,1,80,1
1022,4240,97,277,13119,13,0,2,80,1
1024,10999,78,1355,22245,14,0,7,80,1
1025,5003,42,549,23371,14,0,6,80,1
1026,12742,65,466,7060,16,1,1,80,1
1027,4227,47,1055,4658,18,1,0,80,1
1028,3917,45,802,9541,20,1,1,80,1
1029,18303,90,265,7770,13,0,6,80,1
1030,2380,64,804,20165,18,0,4,80,1
1032,13726,69,715,21829,13,0,3,80,1
1033,4777,61,1141,14382,15,0,5,80,1
1034,6385,62,135,12992,14,2,3,80,1
1035,19973,55,247,20284,22,2,1,80,1
1036,6861,42,1035,4981,12,0,8,80,1
1037,4969,79,265,21813,18,0,8,80,1
1038,19845,57,266,25846,15,1,1,80,1
1039,13320,53,1448,11737,18,1,3,80,1
1040,6347,95,145,24920,12,1,0,80,1
1042,2743,43,885,8269,16,0,1,80,1
1043,10880,82,945,5083,13,0,1,80,1
1044,2342,88,1038,21437,19,0,0,80,1
1045,17650,90,1234,5404,13,1,3,80,1
1046,4025,69,1109,11135,12,0,9,80,1
1047,9725,75,216,12278,11,1,0,80,1
1048,11904,66,1089,11038,14,1,3,80,1
1049,2177,36,788,8318,16,0,1,80,1
1050,7525,38,124,23537,12,1,2,80,1
1052,4834,81,660,7858,14,1,7,80,1
1053,2042,57,342,15346,14,1,6,80,1
1055,2220,87,1333,18410,19,1,1,80,1
1056,1052,74,1144,23384,22,0,1,80,1
1060,2821,44,1186,2997,16,1,3,80,1
1061,19237,62,1464,12853,11,1,2,80,1
1062,4107,35,124,13848,15,0,3,80,1
1066,8396,74,300,22217,14,1,1,80,1
1068,2007,66,921,25265,13,2,1,80,1
1069,19627,40,430,21445,17,2,9,80,1
1070,10686,41,1082,8392,11,1,6,80,1
1071,2942,63,1240,12154,19,1,2,80,1
1073,8858,51,796,15669,11,0,0,80,1
1074,16756,40,444,17323,15,0,7,80,1
1076,10798,79,415,5268,13,1,5,80,1
1077,2323,54,769,17205,14,0,1,80,1
1079,1416,36,1334,17258,13,0,1,80,1
1080,4615,74,1003,21029,23,3,8,80,1
1081,2461,34,1323,10332,12,3,9,80,1
1082,8722,72,1366,12355,12,0,1,80,1
1083,3955,59,192,11141,16,2,1,80,1
1084,9957,85,1176,9096,15,1,0,80,1
1085,3376,43,509,18863,13,0,1,80,1
1088,8823,65,330,24608,18,1,0,80,1
1092,10322,61,1492,26542,20,1,4,80,1
1094,4621,87,1277,5869,19,3,1,80,1
1096,10976,65,1091,15813,18,1,3,80,1
1097,3660,59,857,7909,13,0,3,80,1
1098,10482,91,1376,2326,14,1,9,80,1
1099,7119,34,654,21214,15,1,4,80,1
1100,9582,86,1204,10333,22,0,0,80,1
1101,4508,54,827,3129,22,0,1,80,1
1102,2207,50,895,22482,16,1,1,80,1
1103,7756,45,618,22266,17,0,0,80,1
1105,6694,88,309,24223,14,3,2,80,1
1106,3691,32,1219,4605,15,1,1,80,1
1107,2377,37,1330,19373,20,1,1,80,1
1108,2313,55,1017,2993,20,0,4,80,1
1109,17665,35,469,14399,17,1,0,80,1
1111,2596,45,1009,7160,15,2,1,80,1
1113,4728,81,959,17251,14,0,3,80,1
1114,4302,30,970,13401,17,1,0,80,1
1115,2979,40,697,22478,17,3,3,80,1
1116,16885,35,1262,16154,22,0,2,80,1
1117,5593,65,1050,17970,13,1,1,80,1
1118,10445,87,994,15322,19,0,7,80,1
1119,8740,73,770,5569,14,2,0,80,1
1120,2514,93,1107,26968,22,1,4,80,1
1121,7655,93,950,8039,17,3,0,80,1
1124,17465,52,406,15596,12,1,3,80,1
1125,7351,32,130,20619,16,0,7,80,1
1126,10820,83,1082,11535,11,1,8,80,1
1127,12169,84,203,13547,11,3,7,80,1
1128,19626,44,1308,17544,14,0,1,80,1
1131,2070,70,984,25326,11,0,1,80,1
1132,6782,70,439,8770,15,0,9,80,1
1133,7779,78,217,23238,20,0,2,80,1
1135,2791,67,793,21981,12,1,0,80,1
1136,3201,67,1451,19911,17,0,0,80,1
1137,4968,54,1182,18500,11,1,1,80,1
1138,13120,56,174,11879,17,1,6,80,1
1140,4033,95,1003,15834,11,0,2,80,1
1143,3291,61,490,17940,14,2,0,80,1
1148,4272,56,188,9558,19,0,4,80,1
1150,5056,79,718,17689,15,1,1,80,1
1152,2844,37,433,6004,13,1,1,80,1
1154,2703,39,773,22088,14,1,1,80,1
1156,1904,80,247,13556,12,0,1,80,1
1157,8224,77,603,18385,17,0,0,80,1
1158,4766,46,167,9051,11,1,3,80,1
1160,2610,72,874,6233,12,1,1,80,1
1161,5731,52,367,17171,13,2,7,80,1
1162,2539,55,199,7950,13,1,1,80,1
1163,5714,70,1400,5829,20,0,1,80,1
1164,4323,100,528,7108,17,0,1,80,1
1165,7336,45,408,11162,13,1,1,80,1
1166,13499,88,593,13782,17,0,9,80,1
1167,13758,44,481,2447,12,0,0,80,1
1171,5155,45,647,2253,13,0,7,80,1
1172,2258,58,982,16340,12,1,6,80,1
1173,3597,49,477,6409,22,0,8,80,1
1175,2515,79,1485,22955,11,0,1,80,1
1177,4420,82,1384,13421,22,1,1,80,1
1179,6578,72,852,2706,18,1,1,80,1
1180,4422,92,902,21203,13,1,3,80,1
1182,10274,44,819,19588,18,1,2,80,1
1184,5343,97,669,25755,20,0,0,80,1
1185,2376,47,636,26537,13,1,1,80,1
1188,5346,85,1372,9489,13,0,8,80,1
1190,2827,76,862,14947,12,3,1,80,1
1191,19943,92,718,18575,13,1,4,80,1
1192,3131,54,1401,26342,13,1,1,80,1
1193,2552,54,645,7172,25,0,1,80,1
1195,4477,83,1457,20100,19,1,4,80,1
1196,6474,56,977,9961,13,1,1,80,1
1198,3033,87,805,12828,12,0,1,80,1
1200,2936,96,1097,10826,11,0,1,80,1
1201,18606,50,1223,18640,18,1,3,80,1
1202,2168,69,942,26933,18,1,0,80,1
1203,2853,48,1256,4223,11,1,0,80,1
1204,17048,69,1402,24097,23,0,8,80,1
1206,2290,74,111,4279,13,0,2,80,1
1207,3600,99,147,8429,13,1,1,80,1
1210,2107,95,906,20293,17,1,6,80,1
1211,4115,61,1329,13192,19,3,8,80,1
1212,4327,62,1184,25440,12,3,5,80,1
1215,17856,30,1421,9490,22,1,2,80,1
1216,3196,78,1179,12449,12,3,1,80,1
1217,19081,52,1450,10849,11,1,5,80,1
1218,8966,94,1361,21026,15,3,3,80,1
1219,2210,97,984,3372,13,1,1,80,1
1220,4539,82,1146,4905,12,1,1,80,1
1221,2741,60,917,6865,14,1,1,80,1
1224,3491,49,853,11309,13,3,1,80,1
1225,4541,32,200,7744,25,0,1,80,1
1226,2678,43,654,5050,17,0,1,80,1
1228,7379,60,150,17433,11,1,2,80,1
1231,6272,79,179,12858,16,1,7,80,1
1233,5220,52,696,10893,18,1,0,80,1
1234,2743,77,116,7331,20,1,1,80,1
1235,4998,38,1316,2338,14,0,4,80,1
1237,10252,77,363,4235,21,1,2,80,1
1238,2781,60,117,6311,13,1,0,80,1
1239,6852,84,107,11591,12,1,7,80,1
1240,4950,57,1356,20623,14,0,0,80,1
1241,3579,63,1465,9369,21,1,0,80,1
1242,13191,60,458,23281,17,0,3,80,1
1243,10377,78,1212,13755,11,1,4,80,1
1244,2235,42,1103,14377,14,2,1,80,1
1245,10502,53,966,9659,17,1,7,80,1
1246,2011,72,1117,19982,13,1,1,80,1
1248,1859,96,504,6148,25,0,1,80,1
1249,3760,97,1010,5598,15,3,1,80,1
1250,17779,85,685,23474,14,0,3,80,1
1251,6833,80,1332,17089,12,0,1,80,1
1252,6812,96,1062,17198,19,0,1,80,1
1254,5171,48,326,16490,17,0,5,80,1
1255,19740,96,920,18625,14,1,3,80,1
1256,18711,85,1098,12124,13,1,2,80,1
1257,3692,46,469,9256,12,0,1,80,1
1258,2559,76,969,16620,11,0,5,80,1
1259,2517,76,1167,3208,11,3,1,80,1
1260,6623,82,1329,4204,11,2,1,80,1
1263,18265,76,715,8733,12,0,6,80,1
1264,16124,87,694,3423,14,2,3,80,1
1265,2585,89,1320,21643,17,0,0,80,1
1267,18213,88,1099,8751,11,1,7,80,1
1268,8380,82,536,21708,14,2,0,80,1
1269,2994,57,265,21221,12,0,1,80,1
1270,1223,47,373,16901,22,1,1,80,1
1273,1118,73,599,8040,14,0,1,80,1
1275,2875,53,583,9973,20,0,1,80,1
1277,18824,94,1449,2493,16,0,2,80,1
1278,13577,37,177,25592,15,1,1,80,1
1279,2625,45,251,25308,20,0,1,80,1
1280,18789,33,168,9946,14,1,2,80,1
1281,4538,86,131,6039,12,0,0,80,1
1282,19847,83,237,19196,24,1,4,80,1
1283,10512,67,1429,20002,12,0,6,80,1
1285,4444,46,135,22534,13,2,4,80,1
1286,2154,44,791,6842,11,0,0,80,1
1288,19190,92,1199,17477,14,2,1,80,1
1289,4490,56,648,21833,11,2,4,80,1
1291,3506,66,735,6020,14,0,0,80,1
1292,2372,78,603,5628,16,0,6,80,1
1293,10231,56,531,20364,14,0,3,80,1
1294,5410,53,429,2323,11,0,9,80,1
1295,7978,73,621,14075,11,1,1,80,1
1296,3867,52,193,14222,12,1,1,80,1
1297,2838,40,968,4257,14,0,0,80,1
1298,4695,72,879,12858,18,0,7,80,1
1299,3339,39,806,17285,13,2,3,80,1
1301,2080,84,640,4732,11,0,2,80,1
1303,2096,40,266,18830,18,0,1,80,1
1304,6209,56,604,11693,15,2,1,80,1
1306,18061,83,364,13035,22,0,3,80,1
1307,17123,94,412,17334,13,2,6,80,1
1308,2372,88,848,26076,12,2,1,80,1
1309,4883,79,1089,22845,18,1,1,80,1
1310,3904,93,360,22154,13,0,0,80,1
1311,4627,48,1138,23631,12,1,0,80,1
1312,7094,63,325,5747,12,0,3,80,1
1314,3423,44,991,22957,12,0,6,80,1
1315,6674,55,1476,16392,11,3,0,80,1
1317,16880,43,1322,22422,11,0,4,80,1
1318,9094,57,299,17235,12,0,2,80,1
1319,8446,64,1030,21534,19,0,9,80,1
1321,11916,95,634,25927,23,2,1,80,1
1322,4534,32,524,13352,11,0,0,80,1
1324,9852,57,587,8935,19,1,1,80,1
1329,6151,40,256,22074,13,0,1,80,1
1331,2302,54,1060,8319,11,0,1,80,1
1333,2362,89,935,14669,12,0,4,80,1
1334,17861,37,495,26582,13,0,0,80,1
1336,19187,58,282,6992,14,1,4,80,1
1338,19717,99,206,4022,14,0,6,80,1
1340,3544,74,458,8532,16,1,9,80,1
1344,8500,86,943,5494,11,1,0,80,1
1346,4661,98,523,22455,13,0,1,80,1
1349,4103,66,1018,4297,17,1,0,80,1
1350,4249,87,482,2690,11,0,1,80,1
1352,14026,84,770,17588,11,1,1,80,1
1355,6893,31,1009,19461,15,1,3,80,1
1356,6125,66,507,23553,12,0,1,80,1
1358,3669,67,882,9075,11,3,3,80,1
1360,10008,53,601,12023,14,0,7,80,1
1361,2387,88,329,6762,22,1,3,80,1
1362,4639,83,607,2261,16,1,2,80,1
1363,7898,54,855,18706,11,0,1,80,1
1364,2534,98,1291,6527,14,1,8,80,1
1367,13142,82,1405,24439,16,0,3,80,1
1368,1611,97,1124,19305,15,0,1,80,1
1369,5363,60,817,10846,12,1,0,80,1
1371,5071,43,793,20392,20,0,3,80,1
1372,13695,85,267,9277,17,0,6,80,1
1373,13402,68,1369,18235,12,1,4,80,1
1374,2029,92,999,15891,20,3,1,80,1
1375,6377,89,1202,13888,20,3,5,80,1
1377,5429,86,285,17491,13,2,4,80,1
1379,2785,90,703,11882,14,0,7,80,1
1380,4614,67,662,23288,18,1,0,80,1
1382,2610,57,693,15748,11,3,1,80,1
1383,6687,98,404,6163,11,0,1,80,1
1387,4724,48,736,24232,11,1,1,80,1
1389,6179,98,330,21057,15,2,1,80,1
1390,6120,44,1498,3567,12,2,3,80,1
1391,10596,52,541,15395,11,0,2,80,1
1392,5467,75,1200,13953,14,2,3,80,1
1394,2996,54,1439,5182,15,0,7,80,1
1395,9998,61,1111,19293,13,0,6,80,1
1396,4078,36,499,20497,13,3,0,80,1
1397,10920,71,1485,3449,21,1,3,80,1
1399,6232,93,1372,12477,11,0,2,80,1
1401,13247,59,322,9731,11,1,2,80,1
1402,4081,73,930,20003,14,0,1,80,1
1403,5769,98,205,7100,11,0,1,80,1
1405,2394,51,135,25681,13,0,1,80,1
1407,3904,36,683,4050,12,0,0,80,1
1408,16799,31,1147,16616,14,1,0,80,1
1955,6667,34,1146,16542,18,1,5,80,1
1662,4374,33,894,15411,15,0,0,80,1
1630,4148,52,208,12250,12,1,1,80,1
2000,11957,98,1162,17231,18,2,0,80,1
1839,1514,33,1431,8018,16,0,1,80,1
1929,5736,32,1251,3987,19,1,6,80,1
1495,2033,78,830,7103,13,1,1,80,1
1756,5147,62,1283,10697,15,0,8,80,1
1900,17174,58,117,2437,11,1,3,80,1
2025,5131,97,688,9192,13,3,7,80,1
1760,2468,75,594,15963,14,1,4,80,1
1870,4774,77,1131,23844,19,1,0,80,1
1985,6323,73,692,26849,11,1,1,80,1
1513,3180,97,410,4668,13,3,0,80,1
1633,5042,81,711,3140,13,0,0,80,1
1480,3673,74,748,16458,13,0,1,80,1
1745,4968,78,1312,26427,16,0,0,80,1
1481,4768,79,383,9282,12,1,7,80,1
1833,9637,68,1125,8277,14,2,2,80,1
1987,2187,82,309,19655,14,0,4,80,1
1625,19658,98,1176,5220,11,1,3,80,1
1461,2109,96,1398,24609,18,0,9,80,1
1916,3978,62,471,16031,12,1,8,80,1
1829,4448,47,750,10748,12,1,2,80,1
1822,6513,52,1194,9060,17,1,4,80,1
1762,2109,91,590,10007,13,1,1,80,1
1658,5433,66,1130,19332,12,1,1,80,1
1635,5770,59,1329,5388,19,2,1,80,1
1656,13269,50,813,21981,15,3,5,80,1
1502,3838,82,1099,8192,11,0,8,80,1
1866,19392,81,823,22539,13,0,7,80,1
1786,13116,53,942,22984,11,0,2,80,1
1701,2929,35,678,20338,12,0,1,80,1
1647,3517,86,486,22490,17,0,7,80,1
1409,2950,54,258,17363,13,0,9,80,1
2015,13206,99,201,3376,12,1,3,80,1
1640,3936,71,1470,9953,11,1,1,80,1
1544,9715,39,441,7288,13,1,3,80,1
2052,2977,62,287,8952,12,1,1,80,1
1802,3377,99,616,25605,17,1,4,80,1
1617,3211,84,722,22102,14,1,1,80,1
1576,2367,65,1108,16530,12,1,8,80,1
1447,3294,86,401,3708,17,1,5,80,1
1555,5878,67,824,15624,12,1,3,80,1
1782,3702,40,1153,16376,11,1,1,80,1
1687,3306,87,1495,26176,19,1,7,80,1
1709,2974,43,1082,25412,17,1,9,80,1
1830,6854,68,431,15696,15,1,4,80,1
1628,10435,80,884,25800,13,2,1,80,1
1655,16413,72,301,3498,16,2,3,80,1
1969,2897,67,155,22474,11,2,3,80,1
1443,17169,82,359,26703,19,2,3,80,1
1888,5906,93,556,23888,13,2,0,80,1
1651,8008,42,711,22792,12,2,4,80,1
1607,3312,35,634,18783,17,2,3,80,1
2051,2001,98,1194,12549,14,3,2,80,1
1430,16422,93,182,8847,11,0,3,80,1
1411,3629,94,1462,19106,18,0,4,80,1
1816,9667,64,1092,2739,14,0,9,80,1
1525,8376,32,1089,9150,18,0,4,80,1
1856,2105,64,207,5411,12,0,4,80,1
2010,2837,49,267,15919,13,0,1,80,1
1735,3295,51,160,12862,13,0,1,80,1
1751,3445,67,1054,6152,11,0,1,80,1
2054,3785,73,468,8489,14,0,1,80,1
1529,8606,91,1029,21195,19,0,1,80,1
1719,16704,48,1005,17119,11,0,1,80,1
1422,17328,54,971,5652,19,0,6,80,1
1863,13225,45,1319,7739,12,1,2,80,1
1557,6439,96,492,13693,14,1,8,80,1
1428,4779,73,855,12761,14,2,7,80,1
1676,15972,47,1225,21086,14,3,6,80,1
2041,5343,100,345,5982,11,1,1,80,1
2045,6652,100,1120,14369,13,1,4,80,1
2056,12031,60,722,8828,11,1,0,80,1
1986,5677,92,444,4258,14,1,3,80,1
1875,2856,78,1172,3692,19,1,1,80,1
1527,16606,51,228,11380,12,1,8,80,1
1935,5380,89,1443,20328,16,1,4,80,1
1598,4639,84,118,11262,15,1,1,80,1
1784,5468,91,196,13402,14,2,1,80,1
2024,7644,94,557,12695,19,2,0,80,1
1673,5476,67,1112,22589,11,2,1,80,1
1436,5647,98,329,13494,13,2,4,80,1
2016,10422,48,801,24032,19,2,1,80,1
1898,6500,89,511,26997,14,0,0,80,1
1583,4198,90,437,16379,12,0,2,80,1
1585,6815,73,884,21447,13,0,6,80,1
1657,2783,31,1141,13251,19,0,1,80,1
1710,4502,51,530,7439,15,0,3,80,1
1779,6029,32,511,25353,12,0,5,80,1
2060,2966,30,1167,21378,18,0,0,80,1
2046,4850,50,374,23333,15,0,8,80,1
1757,4507,80,1313,8191,12,0,3,80,1
1858,2706,43,280,10494,15,1,1,80,1
1805,2592,100,1336,7129,13,3,5,80,1
1722,6430,60,552,20794,19,1,6,80,1
1804,5762,90,1180,24442,14,1,2,80,1
1468,13757,55,218,25178,11,1,2,80,1
1482,1274,64,990,7152,13,2,1,80,1
1449,3975,81,663,23099,11,2,3,80,1
1771,3055,90,775,6194,15,2,5,80,1
1994,2008,59,1313,20439,12,3,1,80,1
1934,5467,64,1169,2125,18,1,8,80,1
1574,4087,62,1200,25174,14,1,4,80,1
1813,2438,52,343,24978,13,0,4,80,1
2057,9936,74,325,3787,19,0,0,80,1
1764,2718,65,953,17674,14,0,2,80,1
1471,3162,90,981,7973,14,0,3,80,1
1947,2144,49,1103,2122,14,0,1,80,1
1440,3500,84,1413,25470,14,0,0,80,1
1976,4332,37,335,14811,12,0,1,80,1
2022,19431,87,105,15302,13,0,2,80,1
2019,3482,40,585,19788,15,2,2,80,1
1612,4385,52,336,24162,15,1,1,80,1
1731,4978,87,543,3536,11,1,7,80,1
1801,7991,98,849,25166,15,0,8,80,1
1563,6077,71,888,14814,11,0,3,80,1
1746,2145,59,897,2097,14,1,0,80,1
1590,8853,87,995,24483,19,1,1,80,1
1615,4724,42,426,17000,13,1,1,80,1
1485,17007,71,829,11929,14,2,7,80,1
1431,2996,91,560,20284,14,2,5,80,1
1653,5206,77,772,4973,17,2,1,80,1
1941,19161,42,1064,13738,15,0,3,80,1
1852,3812,40,574,7003,13,0,1,80,1
1997,5321,72,508,14284,11,1,2,80,1
1720,3433,56,585,17360,13,1,6,80,1
1918,2544,61,1096,7102,18,1,0,80,1
2061,2571,41,884,12290,17,1,4,80,1
1597,5063,92,653,15332,14,1,1,80,1
1668,4735,90,1189,9867,15,2,7,80,1
1922,5399,44,1297,14511,12,0,4,80,1
1412,9362,60,200,19944,11,0,2,80,1
1648,2580,87,591,6297,13,0,2,80,1
1812,4127,83,766,19188,18,1,2,80,1
1700,9525,31,1278,7677,14,2,1,80,1
2065,5390,63,1023,13243,14,0,2,80,1
1477,4373,54,430,17456,14,2,0,80,1
1507,4898,55,467,11827,14,0,0,80,1
1613,5332,54,715,21602,13,0,7,80,1
1853,4648,79,1318,26075,13,0,8,80,1
1794,4071,89,1239,12832,13,0,2,80,1
1865,2804,87,352,15434,11,0,1,80,1
1419,7988,51,332,9769,13,0,1,80,1
1778,3539,97,244,5033,13,0,0,80,1
1694,3537,94,1441,23737,12,1,5,80,1
1506,1563,72,1423,12530,14,1,1,80,1
1892,16823,98,1137,18991,11,1,2,80,1
1881,4197,89,311,18624,11,1,1,80,1
1627,3069,76,170,10302,15,1,0,80,1
1474,2345,68,896,8045,14,1,2,80,1
1857,8578,82,706,19989,14,1,3,80,1
1599,4876,87,990,5855,12,1,5,80,1
1940,4771,71,1206,14293,19,2,2,80,1
1424,14732,81,1136,12414,13,2,2,80,1
1484,10466,35,1490,20948,14,2,3,80,1
1859,6384,93,726,21143,17,2,8,80,1
1619,4066,67,1302,16290,11,2,1,80,1
1671,5470,45,977,25518,13,2,0,80,1
1553,7441,66,538,20933,12,3,1,80,1
1725,3907,91,506,3622,13,3,1,80,1
1551,2296,57,350,10036,14,3,0,80,1
1871,3902,41,835,5141,14,3,8,80,1
2031,18880,56,300,17312,11,0,5,80,1
1543,4285,47,674,3031,17,0,1,80,1
1434,2099,91,1377,7679,14,0,0,80,1
1621,5208,48,819,26312,11,0,1,80,1
2068,4404,82,628,10228,12,0,2,80,1
1689,7005,48,1395,3458,15,0,3,80,1
1867,19665,91,1224,13583,12,0,4,80,1
1989,3748,76,911,4077,13,0,1,80,1
1954,5373,89,136,6225,12,1,0,80,1
1473,6651,96,1495,21534,14,1,2,80,1
1971,7510,30,574,16873,17,1,1,80,1
1415,3229,81,949,4910,11,1,4,80,1
1438,3420,74,465,10205,12,1,7,80,1
1826,2705,91,185,9696,16,1,0,80,1
1609,2141,48,241,5348,12,1,1,80,1
1696,3986,57,1157,11912,14,1,1,80,1
1931,2226,41,1354,6073,11,1,1,80,1
1721,3477,69,741,18103,14,1,1,80,1
1729,2862,33,793,3811,12,1,1,80,1
1580,5484,45,1351,13008,17,1,9,80,1
1903,5033,78,170,9364,15,1,2,80,1
1542,4841,68,1210,24052,14,1,4,80,1
1601,2690,63,1349,7713,18,1,1,80,1
1911,13348,83,1396,14842,13,1,9,80,1
1799,2044,82,1181,5531,11,1,1,80,1
1763,5294,58,305,9128,16,1,3,80,1
1707,4401,62,581,17616,16,1,1,80,1
2062,9991,42,613,21457,15,1,4,80,1
1523,16328,32,136,22074,13,1,3,80,1
1728,6883,49,1370,5151,16,1,2,80,1
1798,3143,90,867,6076,19,1,6,80,1
1592,2073,45,977,12826,16,1,2,80,1
1682,5347,80,1351,7419,14,2,6,80,1
2012,2406,83,543,4060,19,2,8,80,1
1803,5538,95,1128,5696,18,2,5,80,1
1596,3407,46,750,25348,17,2,1,80,1
1514,6549,96,1083,3173,14,2,1,80,1
1558,2451,91,598,22376,18,2,6,80,1
1618,5377,76,1387,3835,13,3,2,80,1
1698,2028,79,267,13637,18,3,1,80,1
1770,19038,60,478,19805,12,3,8,80,1
1631,5768,85,671,26493,17,3,3,80,1
1718,2305,62,390,6217,15,3,1,80,1
1435,5810,37,172,22604,16,0,1,80,1
1659,2013,77,311,10950,11,0,2,80,1
1533,2272,97,507,24812,14,0,0,80,1
1577,2972,35,479,22061,13,0,1,80,1
2014,4108,52,116,5340,13,0,7,80,1
1981,4617,45,771,14120,12,0,1,80,1
2008,5098,48,1395,18698,19,0,1,80,1
1814,6870,85,447,15530,12,0,3,80,1
2048,2809,52,1322,2725,14,0,2,80,1
1952,2867,95,157,20006,13,0,0,80,1
1727,5562,34,717,9697,14,0,6,80,1
1677,15379,36,809,22384,14,0,4,80,1
1623,3117,97,546,26009,18,0,1,80,1
1417,3578,100,652,23577,12,0,0,80,1
1564,2450,68,992,21731,19,0,1,80,1
1545,4320,44,575,24152,13,0,1,80,1
1883,2062,59,592,19384,14,0,3,80,1
2038,2439,78,529,11288,14,0,1,80,1
1475,3420,49,1467,21158,13,0,1,80,1
1860,3968,81,1142,13624,13,0,4,80,1
2007,3375,63,581,17624,12,0,0,80,1
1982,2647,78,571,13672,13,0,1,80,1
1472,16598,39,447,19764,12,0,4,80,1
1453,10793,31,326,8386,18,1,1,80,1
1754,7140,94,979,3088,11,1,2,80,1
2037,8938,57,930,12227,11,1,2,80,1
1951,8628,39,1239,22914,18,1,1,80,1
1497,8620,77,1246,23757,14,2,1,80,1
1670,5505,93,392,3921,14,2,1,80,1
1466,5486,96,1221,24795,11,3,4,80,1
1548,5473,47,1342,19345,12,0,0,80,1
1560,6392,46,1242,10589,13,1,2,80,1
1996,3067,54,1154,6393,19,1,0,80,1
1749,8346,51,1003,20943,19,1,1,80,1
2013,2269,68,234,18024,14,1,0,80,1
1945,5561,71,682,15975,16,1,0,80,1
1568,9250,33,1288,17799,12,1,3,80,1
1582,9924,80,1245,12355,11,1,0,80,1
1739,9610,80,371,3840,13,1,3,80,1
1492,2404,76,660,16192,13,1,1,80,1
1446,9204,97,601,23343,12,1,4,80,1
1588,8237,38,1462,4658,11,1,2,80,1
1787,4189,46,589,8800,14,2,1,80,1
1908,5507,33,335,16822,16,2,2,80,1
1995,4440,86,1321,7636,15,2,0,80,1
1479,5301,96,1358,2939,15,2,8,80,1
1961,2858,59,1404,11473,14,0,4,80,1
1975,13341,77,119,25098,12,0,0,80,1
1740,19833,88,611,4349,14,0,1,80,1
1924,5487,43,217,10410,14,0,1,80,1
1650,5869,42,469,23413,11,0,9,80,1
1836,4684,46,572,9125,13,0,1,80,1
1478,4759,81,1326,15891,18,0,3,80,1
1680,2728,54,727,21082,11,0,1,80,1
1469,8463,84,866,23490,18,0,0,80,1
1708,9241,35,918,15869,12,0,1,80,1
1965,4105,44,954,5099,14,0,1,80,1
1602,17567,56,563,3156,15,0,1,80,1
1605,2814,85,457,10293,14,0,1,80,1
1937,2133,58,1394,18115,16,1,1,80,1
1646,3760,32,567,17218,13,0,1,80,1
1850,2379,53,1297,19826,14,0,0,80,1
1683,3195,44,528,4167,18,3,4,80,1
2040,8837,31,1146,16642,16,0,1,80,1
1608,19049,31,1313,3549,14,1,0,80,1
1827,10333,92,1001,19271,12,1,8,80,1
1674,2587,74,464,24941,16,1,4,80,1
1974,1129,59,1276,17536,11,3,1,80,1
1886,4788,44,219,25388,11,0,0,80,1
1893,2933,90,482,14908,13,1,1,80,1
1724,6516,92,369,5041,16,1,2,80,1
2009,4878,95,501,21653,13,1,0,80,1
1661,13966,41,465,11652,19,1,2,80,1
1703,7879,96,921,14810,19,1,1,80,1
1638,7756,54,397,14199,19,1,3,80,1
1614,4663,76,559,12421,12,2,9,80,1
1587,6142,51,670,4223,16,0,3,80,1
1611,5769,50,1015,23447,14,0,1,80,1
1980,4440,77,157,25198,19,0,6,80,1
1641,7945,84,448,19948,15,0,6,80,1
1815,10447,81,796,26458,13,1,0,80,1
1912,6583,86,1079,20115,11,1,2,80,1
1962,5204,55,1224,13586,11,0,1,80,1
1915,8103,75,735,16495,12,0,3,80,1
1880,5673,63,1266,6060,13,1,1,80,1
1503,4591,78,571,24200,17,1,3,80,1
1938,17875,72,605,11761,13,1,4,80,1
1445,4162,42,1476,15211,12,2,1,80,1
1425,9278,99,1174,20763,16,0,3,80,1
1552,4069,72,1142,8841,18,0,3,80,1
1948,3065,48,976,3995,13,1,1,80,1
1737,6472,77,792,8989,15,1,1,80,1
1774,4001,87,1375,12313,14,1,1,80,1
1642,5743,37,602,10503,11,0,4,80,1
1972,2991,88,1444,5224,11,1,0,80,1
1837,15787,87,1216,21624,14,0,2,80,1
1932,5747,86,735,26496,15,0,1,80,1
1594,5562,80,1302,19711,13,1,3,80,1
1606,11245,41,1234,20689,15,1,2,80,1
1547,10124,40,288,18611,14,1,2,80,1
2049,5689,80,1199,24594,14,2,1,80,1
1704,4930,79,146,13970,14,0,0,80,1
1496,10209,86,1193,19719,18,0,5,80,1
1539,14411,88,333,24450,13,0,1,80,1
1753,6294,70,461,23060,12,0,8,80,1
1927,6834,42,783,19255,12,1,1,80,1
1973,19636,71,189,25811,18,1,4,80,1
1460,10851,95,1038,19863,18,1,2,80,1
1789,19328,46,734,14218,17,1,7,80,1
1998,5410,35,557,11189,17,1,6,80,1
1992,3977,57,977,7298,19,1,6,80,1
1448,2127,90,1283,5561,12,0,2,80,1
1501,4035,30,1229,16143,16,0,0,80,1
1766,5811,60,833,24539,16,1,3,80,1
1549,5207,79,589,22949,12,1,1,80,1
2053,4025,46,1378,23679,13,1,4,80,1
1790,8321,90,1383,25949,13,1,7,80,1
2003,2660,43,1490,20232,11,1,7,80,1
1465,9380,55,1448,14720,18,2,4,80,1
1755,2932,97,181,5586,14,3,0,80,1
1586,4723,87,1370,16213,18,0,1,80,1
2020,2436,42,1037,13422,12,0,6,80,1
1515,6388,69,516,22049,17,0,2,80,1
1669,4187,43,991,3356,13,1,1,80,1
1732,10368,74,1277,5596,12,1,4,80,1
1943,5087,77,419,2900,12,2,3,80,1
1535,7083,64,971,12288,14,0,1,80,1
1591,19331,59,264,19519,16,1,4,80,1
1706,7847,73,1179,6069,17,1,1,80,1
1882,9713,64,1480,24444,13,3,2,80,1
2021,2380,58,501,25479,11,0,1,80,1
1678,7082,80,1206,11591,16,0,3,80,1
1979,11031,40,697,26862,20,1,4,80,1
1845,5154,67,589,19665,22,2,4,80,1
1520,16032,87,1050,24456,20,1,3,80,1
1675,2440,42,148,23826,22,0,1,80,1
1736,5238,30,163,6670,20,0,2,80,1
1744,9756,56,176,6595,21,2,4,80,1
1622,4877,39,580,20460,21,1,0,80,1
1581,2061,89,474,11133,21,0,1,80,1
2034,13570,60,582,5640,23,1,0,80,1
1441,2066,90,1255,10494,22,1,2,80,1
1665,17426,91,584,18685,25,1,3,80,1
1509,4789,43,271,23070,25,1,4,80,1
1834,3591,67,1217,12719,25,1,1,80,1
1864,3540,36,728,7018,21,1,1,80,1
1909,4393,54,337,26841,21,1,5,80,1
1554,2430,98,1402,26204,23,2,0,80,1
2035,6712,95,704,8978,21,2,1,80,1
2026,6306,57,667,26236,21,1,1,80,1
1949,2810,66,1351,9238,22,0,1,80,1
1712,10748,74,1238,3395,23,1,3,80,1
1854,2936,38,355,6161,22,2,3,80,1
1693,2570,76,786,11925,20,0,1,80,1
1824,16291,52,350,22577,22,1,4,80,1
2036,5406,88,301,10436,24,1,1,80,1
1890,3886,94,1213,4223,21,0,1,80,1
1970,5968,36,1303,18079,20,3,1,80,1
1956,5003,48,1125,5771,21,0,1,80,1
1644,15202,89,365,5602,25,1,2,80,1
1849,5675,92,1422,19246,20,1,1,80,1
1499,2064,46,330,15428,21,1,0,80,1
1697,10883,92,370,20467,20,1,3,80,1
1664,6842,79,1040,26308,20,1,6,80,1
1772,2289,94,548,20520,20,2,1,80,1
1768,2766,57,855,8952,22,3,8,80,1
1654,5295,66,492,7693,21,0,4,80,1
1936,5151,87,867,12315,25,1,1,80,1
1873,2662,98,836,7975,20,1,8,80,1
1483,4900,93,405,2721,24,1,0,80,1
1666,17603,65,1291,3525,24,1,1,80,1
1999,2782,76,642,21412,22,1,3,80,1
1546,2132,97,950,4585,20,1,4,80,1
1993,8633,84,1180,13084,23,0,2,80,1
1800,13464,65,1253,7914,21,0,7,80,1
1516,11244,64,495,21072,25,0,2,80,1
1966,9679,56,1373,10138,24,0,8,80,1
1595,19613,93,1059,26362,22,0,8,80,1
1578,19586,60,685,23037,21,1,1,80,1
1823,6799,92,810,22128,21,2,1,80,1
1950,9888,32,937,6770,21,0,1,80,1
1775,12965,60,661,22308,20,3,4,80,1
1681,5368,36,530,16130,25,1,1,80,1
2017,13744,42,161,15471,25,1,1,80,1
1423,19701,76,1055,22456,21,1,3,80,1
1847,6962,73,430,19573,22,1,4,80,1
2018,4907,85,1382,13684,22,1,0,80,1
1835,5405,77,723,4244,20,2,2,80,1
1550,16437,38,898,17381,21,0,1,80,1
2064,6142,87,155,5174,20,1,1,80,1
1885,4284,78,783,13588,22,1,5,80,1
1541,2308,55,1440,4944,25,1,0,80,1
1556,2644,70,1157,17001,21,0,3,80,1
1747,2180,66,600,9732,11,1,6,80,1
1944,2863,58,1337,19555,12,0,1,80,1
1459,7446,100,1445,8931,11,0,1,80,1
1537,4084,33,561,4156,12,0,1,80,1
1487,5765,51,115,17485,11,0,5,80,1
1427,1359,50,667,16154,12,0,1,80,1
1467,2742,52,1107,3072,15,0,1,80,1
1572,10169,78,607,14618,16,1,0,80,1
1433,1261,34,202,22262,12,0,1,80,1
1752,2760,52,428,14630,13,0,1,80,1
1807,5346,93,234,6208,17,1,4,80,1
1504,2561,38,289,5355,11,0,7,80,1
2044,6728,94,878,14255,12,2,7,80,1
1716,12936,82,1093,24164,11,0,7,80,1
1486,2909,92,1496,15747,15,1,3,80,1
2023,1790,33,638,26956,19,1,1,80,1
1928,1091,45,746,10642,17,0,1,80,1
1842,2956,89,359,21495,17,0,0,80,1
1714,1555,58,240,11585,11,1,1,80,1
1960,2367,32,1404,18779,12,1,5,80,1
2032,2339,72,310,3666,11,1,8,80,1
1573,4855,81,903,7653,11,2,4,80,1
1522,2362,100,224,7568,13,0,6,80,1
1907,2587,97,1162,10261,16,0,1,80,1
1534,2018,86,676,21831,14,0,3,80,1
1809,4213,58,370,4992,15,0,1,80,1
1692,1393,95,1259,24852,12,0,1,80,1
1457,10096,52,377,15986,11,1,4,80,1
1439,4400,68,383,15182,12,0,3,80,1
1639,10306,55,737,21530,17,0,9,80,1
1562,9714,64,740,5323,11,1,1,80,1
1761,8161,70,1079,19002,13,3,2,80,1
1734,6735,34,964,12147,15,0,6,80,1
1780,2679,31,337,4567,13,0,1,80,1
1876,1081,89,945,16019,13,0,1,80,1
1939,2432,47,238,15318,14,0,3,80,1
1421,7553,84,337,22930,12,0,0,80,1
1691,2655,95,708,11740,11,2,2,80,1
1624,1569,70,544,18420,12,0,1,80,1
1818,2148,69,920,6889,11,0,0,80,1
1569,2074,69,104,26619,12,1,1,80,1
1783,2398,79,1294,15999,17,0,1,80,1
1933,9854,84,1475,23352,11,0,3,80,1
1792,2342,99,429,11092,12,3,1,80,1
1464,3722,94,523,21081,13,1,6,80,1
1767,2437,38,807,15587,16,1,9,80,1
1494,3172,89,381,16998,11,0,2,80,1
1967,5617,63,754,21075,11,0,1,80,1
1844,2335,56,350,3157,15,3,4,80,1
2027,4787,36,1092,26124,14,3,9,80,1
1604,2408,51,329,7324,17,3,1,80,1
1649,2166,73,1329,3339,14,0,3,80,1
1684,3989,93,1320,20586,11,0,1,80,1
2055,10854,39,410,16586,13,1,4,80,1
1645,5440,59,763,22098,14,2,6,80,1
1733,6134,96,1456,8658,13,3,5,80,1
1968,10448,66,1168,5843,13,0,6,80,1
1862,9907,82,414,26186,12,0,7,80,1
1797,5813,84,303,13492,18,0,1,80,1
1821,8926,66,261,10842,22,1,4,80,1
1869,7314,64,1254,14011,21,3,5,80,1
1420,4284,97,1475,22710,20,0,3,80,1
1458,3646,54,592,17181,23,0,2,80,1
1489,4599,40,790,7815,23,0,0,80,1
1758,8564,74,211,10092,20,0,2,80,1
1905,2307,85,967,14460,23,1,1,80,1
1868,2439,73,459,14753,24,0,1,80,1
1667,4581,36,880,10414,24,0,3,80,1
1878,2472,75,391,26092,23,0,1,80,1
1702,2275,99,427,25103,21,1,1,80,1
